1,usuario1,123456,nombre de usuario1,irispineda85@hotmail.com,(503)221-3701,1
2,usuario2,123457,nombre de usuario2,irispineda85@hotmail.com,(503)221-3702,2
3,usuario3,123458,nombre de usuario3,irispineda85@hotmail.com,(503)221-3703,3
4,usuario4,123459,nombre de usuario4,irispineda85@hotmail.com,(503)221-3704,4
5,usuario5,123460,nombre de usuario5,irispineda85@hotmail.com,(503)221-3705,1
6,usuario6,123461,nombre de usuario6,irispineda85@hotmail.com,(503)221-3706,2
7,usuario7,123462,nombre de usuario7,irispineda85@hotmail.com,(503)221-3707,3
8,usuario8,123463,nombre de usuario8,irispineda85@hotmail.com,(503)221-3708,4
9,usuario9,123464,nombre de usuario9,irispineda85@hotmail.com,(503)221-3709,1
10,usuario10,123465,nombre de usuario10,irispineda85@hotmail.com,(503)221-3710,2
11,usuario11,123466,nombre de usuario11,irispineda85@hotmail.com,(503)221-3711,3
12,usuario12,123467,nombre de usuario12,irispineda85@hotmail.com,(503)221-3712,4
13,usuario13,123468,nombre de usuario13,irispineda85@hotmail.com,(503)221-3713,1
14,usuario14,123469,nombre de usuario14,irispineda85@hotmail.com,(503)221-3714,2
15,usuario15,123470,nombre de usuario15,irispineda85@hotmail.com,(503)221-3715,3
16,usuario16,123471,nombre de usuario16,irispineda85@hotmail.com,(503)221-3716,4
17,usuario17,123472,nombre de usuario17,irispineda85@hotmail.com,(503)221-3717,1
18,usuario18,123473,nombre de usuario18,irispineda85@hotmail.com,(503)221-3718,2
19,usuario19,123474,nombre de usuario19,irispineda85@hotmail.com,(503)221-3719,3
20,usuario20,123475,nombre de usuario20,irispineda85@hotmail.com,(503)221-3720,4
21,usuario21,123476,nombre de usuario21,irispineda85@hotmail.com,(503)221-3721,1
22,usuario22,123477,nombre de usuario22,irispineda85@hotmail.com,(503)221-3722,1
23,usuario23,123478,nombre de usuario23,irispineda85@hotmail.com,(503)221-3723,1
24,usuario24,123479,nombre de usuario24,irispineda85@hotmail.com,(503)221-3724,1
25,usuario25,123480,nombre de usuario25,irispineda85@hotmail.com,(503)221-3725,1
26,usuario26,123481,nombre de usuario26,irispineda85@hotmail.com,(503)221-3726,1
27,usuario27,123482,nombre de usuario27,irispineda85@hotmail.com,(503)221-3727,1
28,usuario28,123483,nombre de usuario28,irispineda85@hotmail.com,(503)221-3728,1
29,usuario29,123484,nombre de usuario29,irispineda85@hotmail.com,(503)221-3729,1
30,usuario30,123485,nombre de usuario30,irispineda85@hotmail.com,(503)221-3730,1
31,usuario31,123486,nombre de usuario31,irispineda85@hotmail.com,(503)221-3731,1
32,usuario32,123487,nombre de usuario32,irispineda85@hotmail.com,(503)221-3732,1
33,usuario33,123488,nombre de usuario33,irispineda85@hotmail.com,(503)221-3733,1
34,usuario34,123489,nombre de usuario34,irispineda85@hotmail.com,(503)221-3734,1
35,usuario35,123490,nombre de usuario35,irispineda85@hotmail.com,(503)221-3735,1
36,usuario36,123491,nombre de usuario36,irispineda85@hotmail.com,(503)221-3736,1
37,usuario37,123492,nombre de usuario37,irispineda85@hotmail.com,(503)221-3737,1
38,usuario38,123493,nombre de usuario38,irispineda85@hotmail.com,(503)221-3738,1
39,usuario39,123494,nombre de usuario39,irispineda85@hotmail.com,(503)221-3739,1
40,usuario40,123495,nombre de usuario40,irispineda85@hotmail.com,(503)221-3740,1
41,usuario41,123496,nombre de usuario41,irispineda85@hotmail.com,(503)221-3741,1
42,usuario42,123497,nombre de usuario42,irispineda85@hotmail.com,(503)221-3742,1
43,usuario43,123498,nombre de usuario43,irispineda85@hotmail.com,(503)221-3743,1
44,usuario44,123499,nombre de usuario44,irispineda85@hotmail.com,(503)221-3744,1
45,usuario45,123500,nombre de usuario45,irispineda85@hotmail.com,(503)221-3745,1
46,usuario46,123501,nombre de usuario46,irispineda85@hotmail.com,(503)221-3746,1
47,usuario47,123502,nombre de usuario47,irispineda85@hotmail.com,(503)221-3747,1
48,usuario48,123503,nombre de usuario48,irispineda85@hotmail.com,(503)221-3748,1
49,usuario49,123504,nombre de usuario49,irispineda85@hotmail.com,(503)221-3749,1
50,usuario50,123505,nombre de usuario50,irispineda85@hotmail.com,(503)221-3750,1
51,usuario51,123506,nombre de usuario51,irispineda85@hotmail.com,(503)221-3751,1
52,usuario52,123507,nombre de usuario52,irispineda85@hotmail.com,(503)221-3752,1
53,usuario53,123508,nombre de usuario53,irispineda85@hotmail.com,(503)221-3753,1
54,usuario54,123509,nombre de usuario54,irispineda85@hotmail.com,(503)221-3754,1
55,usuario55,123510,nombre de usuario55,irispineda85@hotmail.com,(503)221-3755,1
56,usuario56,123511,nombre de usuario56,irispineda85@hotmail.com,(503)221-3756,1
57,usuario57,123512,nombre de usuario57,irispineda85@hotmail.com,(503)221-3757,1
58,usuario58,123513,nombre de usuario58,irispineda85@hotmail.com,(503)221-3758,1
59,usuario59,123514,nombre de usuario59,irispineda85@hotmail.com,(503)221-3759,1
60,usuario60,123515,nombre de usuario60,irispineda85@hotmail.com,(503)221-3760,1
61,usuario61,123516,nombre de usuario61,irispineda85@hotmail.com,(503)221-3761,1
62,usuario62,123517,nombre de usuario62,irispineda85@hotmail.com,(503)221-3762,1
63,usuario63,123518,nombre de usuario63,irispineda85@hotmail.com,(503)221-3763,1
64,usuario64,123519,nombre de usuario64,irispineda85@hotmail.com,(503)221-3764,1
65,usuario65,123520,nombre de usuario65,irispineda85@hotmail.com,(503)221-3765,1
66,usuario66,123521,nombre de usuario66,irispineda85@hotmail.com,(503)221-3766,1
67,usuario67,123522,nombre de usuario67,irispineda85@hotmail.com,(503)221-3767,1
68,usuario68,123523,nombre de usuario68,irispineda85@hotmail.com,(503)221-3768,1
69,usuario69,123524,nombre de usuario69,irispineda85@hotmail.com,(503)221-3769,1
70,usuario70,123525,nombre de usuario70,irispineda85@hotmail.com,(503)221-3770,1
71,usuario71,123526,nombre de usuario71,irispineda85@hotmail.com,(503)221-3771,1
72,usuario72,123527,nombre de usuario72,irispineda85@hotmail.com,(503)221-3772,1
73,usuario73,123528,nombre de usuario73,irispineda85@hotmail.com,(503)221-3773,1
74,usuario74,123529,nombre de usuario74,irispineda85@hotmail.com,(503)221-3774,1
75,usuario75,123530,nombre de usuario75,irispineda85@hotmail.com,(503)221-3775,1
76,usuario76,123531,nombre de usuario76,irispineda85@hotmail.com,(503)221-3776,1
77,usuario77,123532,nombre de usuario77,irispineda85@hotmail.com,(503)221-3777,1
78,usuario78,123533,nombre de usuario78,irispineda85@hotmail.com,(503)221-3778,1
79,usuario79,123534,nombre de usuario79,irispineda85@hotmail.com,(503)221-3779,1
80,usuario80,123535,nombre de usuario80,irispineda85@hotmail.com,(503)221-3780,1
81,usuario81,123536,nombre de usuario81,irispineda85@hotmail.com,(503)221-3781,1
82,usuario82,123537,nombre de usuario82,irispineda85@hotmail.com,(503)221-3782,1
83,usuario83,123538,nombre de usuario83,irispineda85@hotmail.com,(503)221-3783,1
84,usuario84,123539,nombre de usuario84,irispineda85@hotmail.com,(503)221-3784,1
85,usuario85,123540,nombre de usuario85,irispineda85@hotmail.com,(503)221-3785,1
86,usuario86,123541,nombre de usuario86,irispineda85@hotmail.com,(503)221-3786,1
87,usuario87,123542,nombre de usuario87,irispineda85@hotmail.com,(503)221-3787,1
88,usuario88,123543,nombre de usuario88,irispineda85@hotmail.com,(503)221-3788,1
89,usuario89,123544,nombre de usuario89,irispineda85@hotmail.com,(503)221-3789,1
90,usuario90,123545,nombre de usuario90,irispineda85@hotmail.com,(503)221-3790,1
91,usuario91,123546,nombre de usuario91,irispineda85@hotmail.com,(503)221-3791,1
92,usuario92,123547,nombre de usuario92,irispineda85@hotmail.com,(503)221-3792,1
93,usuario93,123548,nombre de usuario93,irispineda85@hotmail.com,(503)221-3793,1
94,usuario94,123549,nombre de usuario94,irispineda85@hotmail.com,(503)221-3794,1
95,usuario95,123550,nombre de usuario95,irispineda85@hotmail.com,(503)221-3795,1
96,usuario96,123551,nombre de usuario96,irispineda85@hotmail.com,(503)221-3796,1
97,usuario97,123552,nombre de usuario97,irispineda85@hotmail.com,(503)221-3797,1
98,usuario98,123553,nombre de usuario98,irispineda85@hotmail.com,(503)221-3798,1
99,usuario99,123554,nombre de usuario99,irispineda85@hotmail.com,(503)221-3799,1
100,usuario100,123555,nombre de usuario100,irispineda85@hotmail.com,(503)221-3800,1
101,usuario101,123556,nombre de usuario101,irispineda85@hotmail.com,(503)221-3801,1
102,usuario102,123557,nombre de usuario102,irispineda85@hotmail.com,(503)221-3802,1
103,usuario103,123558,nombre de usuario103,irispineda85@hotmail.com,(503)221-3803,1
104,usuario104,123559,nombre de usuario104,irispineda85@hotmail.com,(503)221-3804,1
105,usuario105,123560,nombre de usuario105,irispineda85@hotmail.com,(503)221-3805,1
106,usuario106,123561,nombre de usuario106,irispineda85@hotmail.com,(503)221-3806,1
107,usuario107,123562,nombre de usuario107,irispineda85@hotmail.com,(503)221-3807,1
108,usuario108,123563,nombre de usuario108,irispineda85@hotmail.com,(503)221-3808,1
109,usuario109,123564,nombre de usuario109,irispineda85@hotmail.com,(503)221-3809,1
110,usuario110,123565,nombre de usuario110,irispineda85@hotmail.com,(503)221-3810,1
111,usuario111,123566,nombre de usuario111,irispineda85@hotmail.com,(503)221-3811,1
112,usuario112,123567,nombre de usuario112,irispineda85@hotmail.com,(503)221-3812,1
113,usuario113,123568,nombre de usuario113,irispineda85@hotmail.com,(503)221-3813,1
114,usuario114,123569,nombre de usuario114,irispineda85@hotmail.com,(503)221-3814,1
115,usuario115,123570,nombre de usuario115,irispineda85@hotmail.com,(503)221-3815,1
116,usuario116,123571,nombre de usuario116,irispineda85@hotmail.com,(503)221-3816,1
117,usuario117,123572,nombre de usuario117,irispineda85@hotmail.com,(503)221-3817,1
118,usuario118,123573,nombre de usuario118,irispineda85@hotmail.com,(503)221-3818,1
119,usuario119,123574,nombre de usuario119,irispineda85@hotmail.com,(503)221-3819,1
120,usuario120,123575,nombre de usuario120,irispineda85@hotmail.com,(503)221-3820,1
121,usuario121,123576,nombre de usuario121,irispineda85@hotmail.com,(503)221-3821,1
122,usuario122,123577,nombre de usuario122,irispineda85@hotmail.com,(503)221-3822,1
123,usuario123,123578,nombre de usuario123,irispineda85@hotmail.com,(503)221-3823,1
124,usuario124,123579,nombre de usuario124,irispineda85@hotmail.com,(503)221-3824,1
125,usuario125,123580,nombre de usuario125,irispineda85@hotmail.com,(503)221-3825,1
126,usuario126,123581,nombre de usuario126,irispineda85@hotmail.com,(503)221-3826,1
127,usuario127,123582,nombre de usuario127,irispineda85@hotmail.com,(503)221-3827,1
128,usuario128,123583,nombre de usuario128,irispineda85@hotmail.com,(503)221-3828,1
129,usuario129,123584,nombre de usuario129,irispineda85@hotmail.com,(503)221-3829,1
130,usuario130,123585,nombre de usuario130,irispineda85@hotmail.com,(503)221-3830,1
131,usuario131,123586,nombre de usuario131,irispineda85@hotmail.com,(503)221-3831,1
132,usuario132,123587,nombre de usuario132,irispineda85@hotmail.com,(503)221-3832,1
133,usuario133,123588,nombre de usuario133,irispineda85@hotmail.com,(503)221-3833,1
134,usuario134,123589,nombre de usuario134,irispineda85@hotmail.com,(503)221-3834,1
135,usuario135,123590,nombre de usuario135,irispineda85@hotmail.com,(503)221-3835,1
136,usuario136,123591,nombre de usuario136,irispineda85@hotmail.com,(503)221-3836,1
137,usuario137,123592,nombre de usuario137,irispineda85@hotmail.com,(503)221-3837,1
138,usuario138,123593,nombre de usuario138,irispineda85@hotmail.com,(503)221-3838,1
139,usuario139,123594,nombre de usuario139,irispineda85@hotmail.com,(503)221-3839,1
140,usuario140,123595,nombre de usuario140,irispineda85@hotmail.com,(503)221-3840,1
141,usuario141,123596,nombre de usuario141,irispineda85@hotmail.com,(503)221-3841,1
142,usuario142,123597,nombre de usuario142,irispineda85@hotmail.com,(503)221-3842,1
143,usuario143,123598,nombre de usuario143,irispineda85@hotmail.com,(503)221-3843,1
144,usuario144,123599,nombre de usuario144,irispineda85@hotmail.com,(503)221-3844,1
145,usuario145,123600,nombre de usuario145,irispineda85@hotmail.com,(503)221-3845,1
146,usuario146,123601,nombre de usuario146,irispineda85@hotmail.com,(503)221-3846,1
147,usuario147,123602,nombre de usuario147,irispineda85@hotmail.com,(503)221-3847,1
148,usuario148,123603,nombre de usuario148,irispineda85@hotmail.com,(503)221-3848,1
149,usuario149,123604,nombre de usuario149,irispineda85@hotmail.com,(503)221-3849,1
150,usuario150,123605,nombre de usuario150,irispineda85@hotmail.com,(503)221-3850,1
151,usuario151,123606,nombre de usuario151,irispineda85@hotmail.com,(503)221-3851,1
152,usuario152,123607,nombre de usuario152,irispineda85@hotmail.com,(503)221-3852,1
153,usuario153,123608,nombre de usuario153,irispineda85@hotmail.com,(503)221-3853,1
154,usuario154,123609,nombre de usuario154,irispineda85@hotmail.com,(503)221-3854,1
155,usuario155,123610,nombre de usuario155,irispineda85@hotmail.com,(503)221-3855,1
156,usuario156,123611,nombre de usuario156,irispineda85@hotmail.com,(503)221-3856,1
157,usuario157,123612,nombre de usuario157,irispineda85@hotmail.com,(503)221-3857,1
158,usuario158,123613,nombre de usuario158,irispineda85@hotmail.com,(503)221-3858,1
159,usuario159,123614,nombre de usuario159,irispineda85@hotmail.com,(503)221-3859,1
160,usuario160,123615,nombre de usuario160,irispineda85@hotmail.com,(503)221-3860,1
161,usuario161,123616,nombre de usuario161,irispineda85@hotmail.com,(503)221-3861,1
162,usuario162,123617,nombre de usuario162,irispineda85@hotmail.com,(503)221-3862,1
163,usuario163,123618,nombre de usuario163,irispineda85@hotmail.com,(503)221-3863,1
164,usuario164,123619,nombre de usuario164,irispineda85@hotmail.com,(503)221-3864,1
165,usuario165,123620,nombre de usuario165,irispineda85@hotmail.com,(503)221-3865,1
166,usuario166,123621,nombre de usuario166,irispineda85@hotmail.com,(503)221-3866,1
167,usuario167,123622,nombre de usuario167,irispineda85@hotmail.com,(503)221-3867,1
168,usuario168,123623,nombre de usuario168,irispineda85@hotmail.com,(503)221-3868,1
169,usuario169,123624,nombre de usuario169,irispineda85@hotmail.com,(503)221-3869,1
170,usuario170,123625,nombre de usuario170,irispineda85@hotmail.com,(503)221-3870,1
171,usuario171,123626,nombre de usuario171,irispineda85@hotmail.com,(503)221-3871,1
172,usuario172,123627,nombre de usuario172,irispineda85@hotmail.com,(503)221-3872,1
173,usuario173,123628,nombre de usuario173,irispineda85@hotmail.com,(503)221-3873,1
174,usuario174,123629,nombre de usuario174,irispineda85@hotmail.com,(503)221-3874,1
175,usuario175,123630,nombre de usuario175,irispineda85@hotmail.com,(503)221-3875,1
176,usuario176,123631,nombre de usuario176,irispineda85@hotmail.com,(503)221-3876,1
177,usuario177,123632,nombre de usuario177,irispineda85@hotmail.com,(503)221-3877,1
178,usuario178,123633,nombre de usuario178,irispineda85@hotmail.com,(503)221-3878,1
179,usuario179,123634,nombre de usuario179,irispineda85@hotmail.com,(503)221-3879,1
180,usuario180,123635,nombre de usuario180,irispineda85@hotmail.com,(503)221-3880,1
181,usuario181,123636,nombre de usuario181,irispineda85@hotmail.com,(503)221-3881,1
182,usuario182,123637,nombre de usuario182,irispineda85@hotmail.com,(503)221-3882,1
183,usuario183,123638,nombre de usuario183,irispineda85@hotmail.com,(503)221-3883,1
184,usuario184,123639,nombre de usuario184,irispineda85@hotmail.com,(503)221-3884,1
185,usuario185,123640,nombre de usuario185,irispineda85@hotmail.com,(503)221-3885,1
186,usuario186,123641,nombre de usuario186,irispineda85@hotmail.com,(503)221-3886,1
187,usuario187,123642,nombre de usuario187,irispineda85@hotmail.com,(503)221-3887,1
188,usuario188,123643,nombre de usuario188,irispineda85@hotmail.com,(503)221-3888,1
189,usuario189,123644,nombre de usuario189,irispineda85@hotmail.com,(503)221-3889,1
190,usuario190,123645,nombre de usuario190,irispineda85@hotmail.com,(503)221-3890,1
191,usuario191,123646,nombre de usuario191,irispineda85@hotmail.com,(503)221-3891,1
192,usuario192,123647,nombre de usuario192,irispineda85@hotmail.com,(503)221-3892,1
193,usuario193,123648,nombre de usuario193,irispineda85@hotmail.com,(503)221-3893,1
194,usuario194,123649,nombre de usuario194,irispineda85@hotmail.com,(503)221-3894,1
195,usuario195,123650,nombre de usuario195,irispineda85@hotmail.com,(503)221-3895,1
196,usuario196,123651,nombre de usuario196,irispineda85@hotmail.com,(503)221-3896,1
197,usuario197,123652,nombre de usuario197,irispineda85@hotmail.com,(503)221-3897,1
198,usuario198,123653,nombre de usuario198,irispineda85@hotmail.com,(503)221-3898,1
199,usuario199,123654,nombre de usuario199,irispineda85@hotmail.com,(503)221-3899,1
200,usuario200,123655,nombre de usuario200,irispineda85@hotmail.com,(503)221-3900,1
201,usuario201,123656,nombre de usuario201,irispineda85@hotmail.com,(503)221-3901,1
202,usuario202,123657,nombre de usuario202,irispineda85@hotmail.com,(503)221-3902,1
203,usuario203,123658,nombre de usuario203,irispineda85@hotmail.com,(503)221-3903,1
204,usuario204,123659,nombre de usuario204,irispineda85@hotmail.com,(503)221-3904,1
205,usuario205,123660,nombre de usuario205,irispineda85@hotmail.com,(503)221-3905,1
206,usuario206,123661,nombre de usuario206,irispineda85@hotmail.com,(503)221-3906,1
207,usuario207,123662,nombre de usuario207,irispineda85@hotmail.com,(503)221-3907,1
208,usuario208,123663,nombre de usuario208,irispineda85@hotmail.com,(503)221-3908,1
209,usuario209,123664,nombre de usuario209,irispineda85@hotmail.com,(503)221-3909,1
210,usuario210,123665,nombre de usuario210,irispineda85@hotmail.com,(503)221-3910,1
211,usuario211,123666,nombre de usuario211,irispineda85@hotmail.com,(503)221-3911,1
212,usuario212,123667,nombre de usuario212,irispineda85@hotmail.com,(503)221-3912,1
213,usuario213,123668,nombre de usuario213,irispineda85@hotmail.com,(503)221-3913,1
214,usuario214,123669,nombre de usuario214,irispineda85@hotmail.com,(503)221-3914,1
215,usuario215,123670,nombre de usuario215,irispineda85@hotmail.com,(503)221-3915,1
216,usuario216,123671,nombre de usuario216,irispineda85@hotmail.com,(503)221-3916,1
217,usuario217,123672,nombre de usuario217,irispineda85@hotmail.com,(503)221-3917,1
218,usuario218,123673,nombre de usuario218,irispineda85@hotmail.com,(503)221-3918,1
219,usuario219,123674,nombre de usuario219,irispineda85@hotmail.com,(503)221-3919,1
220,usuario220,123675,nombre de usuario220,irispineda85@hotmail.com,(503)221-3920,1
221,usuario221,123676,nombre de usuario221,irispineda85@hotmail.com,(503)221-3921,1
222,usuario222,123677,nombre de usuario222,irispineda85@hotmail.com,(503)221-3922,1
223,usuario223,123678,nombre de usuario223,irispineda85@hotmail.com,(503)221-3923,1
224,usuario224,123679,nombre de usuario224,irispineda85@hotmail.com,(503)221-3924,1
225,usuario225,123680,nombre de usuario225,irispineda85@hotmail.com,(503)221-3925,1
226,usuario226,123681,nombre de usuario226,irispineda85@hotmail.com,(503)221-3926,1
227,usuario227,123682,nombre de usuario227,irispineda85@hotmail.com,(503)221-3927,1
228,usuario228,123683,nombre de usuario228,irispineda85@hotmail.com,(503)221-3928,1
229,usuario229,123684,nombre de usuario229,irispineda85@hotmail.com,(503)221-3929,1
230,usuario230,123685,nombre de usuario230,irispineda85@hotmail.com,(503)221-3930,1
231,usuario231,123686,nombre de usuario231,irispineda85@hotmail.com,(503)221-3931,1
232,usuario232,123687,nombre de usuario232,irispineda85@hotmail.com,(503)221-3932,1
233,usuario233,123688,nombre de usuario233,irispineda85@hotmail.com,(503)221-3933,1
234,usuario234,123689,nombre de usuario234,irispineda85@hotmail.com,(503)221-3934,1
235,usuario235,123690,nombre de usuario235,irispineda85@hotmail.com,(503)221-3935,1
236,usuario236,123691,nombre de usuario236,irispineda85@hotmail.com,(503)221-3936,1
237,usuario237,123692,nombre de usuario237,irispineda85@hotmail.com,(503)221-3937,1
238,usuario238,123693,nombre de usuario238,irispineda85@hotmail.com,(503)221-3938,1
239,usuario239,123694,nombre de usuario239,irispineda85@hotmail.com,(503)221-3939,1
240,usuario240,123695,nombre de usuario240,irispineda85@hotmail.com,(503)221-3940,1
241,usuario241,123696,nombre de usuario241,irispineda85@hotmail.com,(503)221-3941,1
242,usuario242,123697,nombre de usuario242,irispineda85@hotmail.com,(503)221-3942,1
243,usuario243,123698,nombre de usuario243,irispineda85@hotmail.com,(503)221-3943,1
244,usuario244,123699,nombre de usuario244,irispineda85@hotmail.com,(503)221-3944,1
245,usuario245,123700,nombre de usuario245,irispineda85@hotmail.com,(503)221-3945,1
246,usuario246,123701,nombre de usuario246,irispineda85@hotmail.com,(503)221-3946,1
247,usuario247,123702,nombre de usuario247,irispineda85@hotmail.com,(503)221-3947,1
248,usuario248,123703,nombre de usuario248,irispineda85@hotmail.com,(503)221-3948,1
249,usuario249,123704,nombre de usuario249,irispineda85@hotmail.com,(503)221-3949,1
250,usuario250,123705,nombre de usuario250,irispineda85@hotmail.com,(503)221-3950,1
251,usuario251,123706,nombre de usuario251,irispineda85@hotmail.com,(503)221-3951,1
252,usuario252,123707,nombre de usuario252,irispineda85@hotmail.com,(503)221-3952,1
253,usuario253,123708,nombre de usuario253,irispineda85@hotmail.com,(503)221-3953,1
254,usuario254,123709,nombre de usuario254,irispineda85@hotmail.com,(503)221-3954,1
255,usuario255,123710,nombre de usuario255,irispineda85@hotmail.com,(503)221-3955,1
256,usuario256,123711,nombre de usuario256,irispineda85@hotmail.com,(503)221-3956,1
257,usuario257,123712,nombre de usuario257,irispineda85@hotmail.com,(503)221-3957,1
258,usuario258,123713,nombre de usuario258,irispineda85@hotmail.com,(503)221-3958,1
259,usuario259,123714,nombre de usuario259,irispineda85@hotmail.com,(503)221-3959,1
260,usuario260,123715,nombre de usuario260,irispineda85@hotmail.com,(503)221-3960,1
261,usuario261,123716,nombre de usuario261,irispineda85@hotmail.com,(503)221-3961,1
262,usuario262,123717,nombre de usuario262,irispineda85@hotmail.com,(503)221-3962,1
263,usuario263,123718,nombre de usuario263,irispineda85@hotmail.com,(503)221-3963,1
264,usuario264,123719,nombre de usuario264,irispineda85@hotmail.com,(503)221-3964,1
265,usuario265,123720,nombre de usuario265,irispineda85@hotmail.com,(503)221-3965,1
266,usuario266,123721,nombre de usuario266,irispineda85@hotmail.com,(503)221-3966,1
267,usuario267,123722,nombre de usuario267,irispineda85@hotmail.com,(503)221-3967,1
268,usuario268,123723,nombre de usuario268,irispineda85@hotmail.com,(503)221-3968,1
269,usuario269,123724,nombre de usuario269,irispineda85@hotmail.com,(503)221-3969,1
270,usuario270,123725,nombre de usuario270,irispineda85@hotmail.com,(503)221-3970,1
271,usuario271,123726,nombre de usuario271,irispineda85@hotmail.com,(503)221-3971,1
272,usuario272,123727,nombre de usuario272,irispineda85@hotmail.com,(503)221-3972,1
273,usuario273,123728,nombre de usuario273,irispineda85@hotmail.com,(503)221-3973,1
274,usuario274,123729,nombre de usuario274,irispineda85@hotmail.com,(503)221-3974,1
275,usuario275,123730,nombre de usuario275,irispineda85@hotmail.com,(503)221-3975,1
276,usuario276,123731,nombre de usuario276,irispineda85@hotmail.com,(503)221-3976,1
277,usuario277,123732,nombre de usuario277,irispineda85@hotmail.com,(503)221-3977,1
278,usuario278,123733,nombre de usuario278,irispineda85@hotmail.com,(503)221-3978,1
279,usuario279,123734,nombre de usuario279,irispineda85@hotmail.com,(503)221-3979,1
280,usuario280,123735,nombre de usuario280,irispineda85@hotmail.com,(503)221-3980,1
281,usuario281,123736,nombre de usuario281,irispineda85@hotmail.com,(503)221-3981,1
282,usuario282,123737,nombre de usuario282,irispineda85@hotmail.com,(503)221-3982,1
283,usuario283,123738,nombre de usuario283,irispineda85@hotmail.com,(503)221-3983,1
284,usuario284,123739,nombre de usuario284,irispineda85@hotmail.com,(503)221-3984,1
285,usuario285,123740,nombre de usuario285,irispineda85@hotmail.com,(503)221-3985,1
286,usuario286,123741,nombre de usuario286,irispineda85@hotmail.com,(503)221-3986,1
287,usuario287,123742,nombre de usuario287,irispineda85@hotmail.com,(503)221-3987,1
288,usuario288,123743,nombre de usuario288,irispineda85@hotmail.com,(503)221-3988,1
289,usuario289,123744,nombre de usuario289,irispineda85@hotmail.com,(503)221-3989,1
290,usuario290,123745,nombre de usuario290,irispineda85@hotmail.com,(503)221-3990,1
291,usuario291,123746,nombre de usuario291,irispineda85@hotmail.com,(503)221-3991,1
292,usuario292,123747,nombre de usuario292,irispineda85@hotmail.com,(503)221-3992,1
293,usuario293,123748,nombre de usuario293,irispineda85@hotmail.com,(503)221-3993,1
294,usuario294,123749,nombre de usuario294,irispineda85@hotmail.com,(503)221-3994,1
295,usuario295,123750,nombre de usuario295,irispineda85@hotmail.com,(503)221-3995,1
296,usuario296,123751,nombre de usuario296,irispineda85@hotmail.com,(503)221-3996,1
297,usuario297,123752,nombre de usuario297,irispineda85@hotmail.com,(503)221-3997,1
298,usuario298,123753,nombre de usuario298,irispineda85@hotmail.com,(503)221-3998,1
299,usuario299,123754,nombre de usuario299,irispineda85@hotmail.com,(503)221-3999,1
300,usuario300,123755,nombre de usuario300,irispineda85@hotmail.com,(503)221-4000,1
301,usuario301,123756,nombre de usuario301,irispineda85@hotmail.com,(503)221-4001,1
302,usuario302,123757,nombre de usuario302,irispineda85@hotmail.com,(503)221-4002,1
303,usuario303,123758,nombre de usuario303,irispineda85@hotmail.com,(503)221-4003,1
304,usuario304,123759,nombre de usuario304,irispineda85@hotmail.com,(503)221-4004,1
305,usuario305,123760,nombre de usuario305,irispineda85@hotmail.com,(503)221-4005,1
306,usuario306,123761,nombre de usuario306,irispineda85@hotmail.com,(503)221-4006,1
307,usuario307,123762,nombre de usuario307,irispineda85@hotmail.com,(503)221-4007,1
308,usuario308,123763,nombre de usuario308,irispineda85@hotmail.com,(503)221-4008,1
309,usuario309,123764,nombre de usuario309,irispineda85@hotmail.com,(503)221-4009,1
310,usuario310,123765,nombre de usuario310,irispineda85@hotmail.com,(503)221-4010,1
311,usuario311,123766,nombre de usuario311,irispineda85@hotmail.com,(503)221-4011,1
312,usuario312,123767,nombre de usuario312,irispineda85@hotmail.com,(503)221-4012,1
313,usuario313,123768,nombre de usuario313,irispineda85@hotmail.com,(503)221-4013,1
314,usuario314,123769,nombre de usuario314,irispineda85@hotmail.com,(503)221-4014,1
315,usuario315,123770,nombre de usuario315,irispineda85@hotmail.com,(503)221-4015,1
316,usuario316,123771,nombre de usuario316,irispineda85@hotmail.com,(503)221-4016,1
317,usuario317,123772,nombre de usuario317,irispineda85@hotmail.com,(503)221-4017,1
318,usuario318,123773,nombre de usuario318,irispineda85@hotmail.com,(503)221-4018,1
319,usuario319,123774,nombre de usuario319,irispineda85@hotmail.com,(503)221-4019,1
320,usuario320,123775,nombre de usuario320,irispineda85@hotmail.com,(503)221-4020,1
321,usuario321,123776,nombre de usuario321,irispineda85@hotmail.com,(503)221-4021,1
322,usuario322,123777,nombre de usuario322,irispineda85@hotmail.com,(503)221-4022,1
323,usuario323,123778,nombre de usuario323,irispineda85@hotmail.com,(503)221-4023,1
324,usuario324,123779,nombre de usuario324,irispineda85@hotmail.com,(503)221-4024,1
325,usuario325,123780,nombre de usuario325,irispineda85@hotmail.com,(503)221-4025,1
326,usuario326,123781,nombre de usuario326,irispineda85@hotmail.com,(503)221-4026,1
327,usuario327,123782,nombre de usuario327,irispineda85@hotmail.com,(503)221-4027,1
328,usuario328,123783,nombre de usuario328,irispineda85@hotmail.com,(503)221-4028,1
329,usuario329,123784,nombre de usuario329,irispineda85@hotmail.com,(503)221-4029,1
330,usuario330,123785,nombre de usuario330,irispineda85@hotmail.com,(503)221-4030,1
331,usuario331,123786,nombre de usuario331,irispineda85@hotmail.com,(503)221-4031,1
332,usuario332,123787,nombre de usuario332,irispineda85@hotmail.com,(503)221-4032,1
333,usuario333,123788,nombre de usuario333,irispineda85@hotmail.com,(503)221-4033,1
334,usuario334,123789,nombre de usuario334,irispineda85@hotmail.com,(503)221-4034,1
335,usuario335,123790,nombre de usuario335,irispineda85@hotmail.com,(503)221-4035,1
336,usuario336,123791,nombre de usuario336,irispineda85@hotmail.com,(503)221-4036,1
337,usuario337,123792,nombre de usuario337,irispineda85@hotmail.com,(503)221-4037,1
338,usuario338,123793,nombre de usuario338,irispineda85@hotmail.com,(503)221-4038,1
339,usuario339,123794,nombre de usuario339,irispineda85@hotmail.com,(503)221-4039,1
340,usuario340,123795,nombre de usuario340,irispineda85@hotmail.com,(503)221-4040,1
341,usuario341,123796,nombre de usuario341,irispineda85@hotmail.com,(503)221-4041,1
342,usuario342,123797,nombre de usuario342,irispineda85@hotmail.com,(503)221-4042,1
343,usuario343,123798,nombre de usuario343,irispineda85@hotmail.com,(503)221-4043,1
344,usuario344,123799,nombre de usuario344,irispineda85@hotmail.com,(503)221-4044,1
345,usuario345,123800,nombre de usuario345,irispineda85@hotmail.com,(503)221-4045,1
346,usuario346,123801,nombre de usuario346,irispineda85@hotmail.com,(503)221-4046,1
347,usuario347,123802,nombre de usuario347,irispineda85@hotmail.com,(503)221-4047,1
348,usuario348,123803,nombre de usuario348,irispineda85@hotmail.com,(503)221-4048,1
349,usuario349,123804,nombre de usuario349,irispineda85@hotmail.com,(503)221-4049,1
350,usuario350,123805,nombre de usuario350,irispineda85@hotmail.com,(503)221-4050,1
